"","threshold","tp","fp","fn","tn","prevalence","ODP","CCR","TPR","TNR","FPR","FNR","PPP","NPP","MCR","OR","kappa","TSS","FScore","Jaccard"
"1",-1e-04,7,10,0,0,0.411764705882353,0.588235294117647,0.411764705882353,1,0,1,0,0.411764705882353,NA,0.588235294117647,NA,0,0,0.583333333333333,0.411764705882353
"2",0.13323333,1,3,6,7,0.411764705882353,0.588235294117647,0.470588235294118,0.142857142857143,0.7,0.3,0.857142857142857,0.25,0.538461538461538,0.529411764705882,0.388888888888889,-0.16793893129771,-0.157142857142857,0.181818181818182,0.1
"3",0.26656667,0,1,7,9,0.411764705882353,0.588235294117647,0.529411764705882,0,0.9,0.1,1,0,0.5625,0.470588235294118,0,-0.114754098360656,-0.1,0,0
"4",0.26666667,0,0,7,10,0.411764705882353,0.588235294117647,0.588235294117647,0,1,0,1,NA,0.588235294117647,0.411764705882353,NA,0,0,NA,0
"5",0.26676667,0,0,7,10,0.411764705882353,0.588235294117647,0.588235294117647,0,1,0,1,NA,0.588235294117647,0.411764705882353,NA,0,0,NA,0
