"","threshold","tp","fp","fn","tn","prevalence","ODP","CCR","TPR","TNR","FPR","FNR","PPP","NPP","MCR","OR","kappa","TSS","FScore","Jaccard"
"1",-1e-04,8,10,0,0,0.444444444444444,0.555555555555556,0.444444444444444,1,0,1,0,0.444444444444444,NA,0.555555555555556,NA,0,0,0.615384615384615,0.444444444444444
"2",0.07132857,2,2,6,8,0.444444444444444,0.555555555555556,0.555555555555556,0.25,0.8,0.2,0.75,0.5,0.571428571428571,0.444444444444444,1.33333333333333,0.0526315789473686,0.05,0.333333333333333,0.2
"3",0.14275714,1,2,7,8,0.444444444444444,0.555555555555556,0.5,0.125,0.8,0.2,0.875,0.333333333333333,0.533333333333333,0.5,0.571428571428571,-0.0800000000000001,-0.075,0.181818181818182,0.1
"4",0.42847143,1,1,7,9,0.444444444444444,0.555555555555556,0.555555555555556,0.125,0.9,0.1,0.875,0.5,0.5625,0.444444444444444,1.28571428571429,0.0270270270270271,0.0249999999999999,0.2,0.111111111111111
"5",0.42857143,0,0,8,10,0.444444444444444,0.555555555555556,0.555555555555556,0,1,0,1,NA,0.555555555555556,0.444444444444444,NA,0,0,NA,0
"6",0.42867143,0,0,8,10,0.444444444444444,0.555555555555556,0.555555555555556,0,1,0,1,NA,0.555555555555556,0.444444444444444,NA,0,0,NA,0
