"","threshold","tp","fp","fn","tn","prevalence","ODP","CCR","TPR","TNR","FPR","FNR","PPP","NPP","MCR","OR","kappa","TSS","FScore","Jaccard"
"1",-1e-04,7,10,0,0,0.411764705882353,0.588235294117647,0.411764705882353,1,0,1,0,0.411764705882353,NA,0.588235294117647,NA,0,0,0.583333333333333,0.411764705882353
"2",0.13323333,5,4,2,6,0.411764705882353,0.588235294117647,0.647058823529412,0.714285714285714,0.6,0.4,0.285714285714286,0.555555555555556,0.75,0.352941176470588,3.75,0.301369863013699,0.314285714285714,0.625,0.454545454545455
"3",0.26656667,1,1,6,9,0.411764705882353,0.588235294117647,0.588235294117647,0.142857142857143,0.9,0.1,0.857142857142857,0.5,0.6,0.411764705882353,1.5,0.048,0.0428571428571429,0.222222222222222,0.125
"4",0.3999,1,0,6,10,0.411764705882353,0.588235294117647,0.647058823529412,0.142857142857143,1,0,0.857142857142857,1,0.625,0.352941176470588,Inf,0.163934426229508,0.142857142857143,0.25,0.142857142857143
"5",0.4,0,0,7,10,0.411764705882353,0.588235294117647,0.588235294117647,0,1,0,1,NA,0.588235294117647,0.411764705882353,NA,0,0,NA,0
"6",0.4001,0,0,7,10,0.411764705882353,0.588235294117647,0.588235294117647,0,1,0,1,NA,0.588235294117647,0.411764705882353,NA,0,0,NA,0
